departamento,region,poblacion_2011,poblacion_2023,superficie_km2,variacion_pct,densidad_2023
Montevideo,Metropolitana,1319108,1302954,530,-1.2,2458.4
Canelones,Metropolitana,520187,608956,4536,17.1,134.2
San José,Metropolitana,108309,119714,4992,10.5,24.0
Colonia,Litoral,123203,135797,6106,10.2,22.2
Soriano,Litoral,82595,83685,9008,1.3,9.3
Río Negro,Litoral,54765,57334,9282,4.7,6.2
Paysandú,Litoral,113124,121843,13922,7.7,8.8
Salto,Litoral,124878,136197,14163,9.1,9.6
Artigas,Litoral,73378,77487,11928,5.6,6.5
Rivera,Norte,103493,109300,9370,5.6,11.7
Tacuarembó,Norte,90053,96013,15438,6.6,6.2
Cerro Largo,Norte,84698,91025,13648,7.5,6.7
Durazno,Centro,57088,62011,11643,8.6,5.3
Flores,Centro,25050,26271,5144,4.9,5.1
Florida,Centro,67048,70325,10417,4.9,6.8
Lavalleja,Centro,58815,59175,10016,0.6,5.9
Maldonado,Este,164300,212951,4793,29.6,44.4
Rocha,Este,68088,80707,10551,18.5,7.6
Treinta y Tres,Este,48134,47706,9529,-0.9,5.0
