departamento,region,habilitados,emitidos,participacion_pct,en_blanco_pct,anulados_pct,lema_ganador,pct_ganador,margen_pct,votos_frente_amplio,pct_frente_amplio,votos_partido_nacional,pct_partido_nacional,votos_partido_colorado,pct_partido_colorado,votos_cabildo_abierto,pct_cabildo_abierto,pct_si_art11,pct_si_art67
Artigas,Litoral,63203,56114,88.8,1.5,1.5,Partido Nacional,40.3,7.4,17630,32.8,21615,40.3,9768,18.2,3226,6.0,41.4,35.0
Canelones,Metropolitana,432046,389098,90.1,1.5,2.9,Frente Amplio,52.1,27.4,190715,52.1,90464,24.7,55981,15.3,7874,2.2,36.1,41.8
Cerro Largo,Norte,74217,67283,90.7,1.5,1.6,Partido Nacional,46.0,12.0,21875,33.9,29645,46.0,8357,13.0,2094,3.2,40.4,30.5
Colonia,Litoral,107895,97783,90.6,1.3,2.2,Frente Amplio,40.0,4.1,37157,40.0,33339,35.9,16195,17.4,1455,1.6,44.8,34.8
Durazno,Centro,51378,46898,91.3,1.4,1.6,Frente Amplio,36.6,1.3,16353,36.6,15774,35.3,9553,21.4,1076,2.4,47.7,33.5
Flores,Centro,22692,20715,91.3,1.5,1.7,Partido Nacional,44.6,16.1,5643,28.4,8843,44.6,4303,21.7,311,1.6,53.6,24.6
Florida,Centro,58174,53422,91.8,1.6,1.9,Frente Amplio,38.9,3.0,19782,38.9,18265,36.0,9427,18.6,731,1.4,44.7,33.1
Lavalleja,Centro,50761,46469,91.5,1.7,2.3,Partido Nacional,34.2,1.6,14245,32.5,14958,34.2,11127,25.4,1072,2.4,46.7,29.2
Maldonado,Este,153520,138362,90.1,1.5,2.5,Partido Nacional,37.5,2.5,45719,35.0,49038,37.5,23559,18.0,3108,2.4,47.2,33.7
Montevideo,Metropolitana,1025544,906749,88.4,1.0,2.2,Frente Amplio,54.3,32.8,470466,54.3,186127,21.5,119383,13.8,21467,2.5,35.7,41.6
Paysandú,Litoral,96631,87337,90.4,1.2,1.9,Frente Amplio,41.7,5.0,34641,41.7,30512,36.7,12386,14.9,1408,1.7,39.9,42.5
Rivera,Norte,89320,79142,88.6,1.6,1.4,Partido Colorado,36.4,9.2,20572,27.2,20298,26.8,27524,36.4,4556,6.0,45.6,29.2
Rocha,Este,66139,59558,90.0,1.8,2.4,Frente Amplio,41.5,9.4,23232,41.5,17995,32.2,10150,18.1,1244,2.2,40.8,37.1
Río Negro,Litoral,46493,42027,90.4,1.6,1.6,Frente Amplio,43.5,15.1,17346,43.5,11333,28.4,8446,21.2,1052,2.6,40.9,40.8
Salto,Litoral,104873,95088,90.7,1.4,1.3,Frente Amplio,43.7,16.5,39893,43.7,24785,27.1,19042,20.8,3966,4.3,37.6,42.6
San José,Metropolitana,86461,79670,92.1,1.5,2.5,Frente Amplio,45.0,13.8,33841,45.0,23440,31.2,12782,17.0,1426,1.9,40.9,39.6
Soriano,Litoral,75577,66885,88.5,1.4,1.9,Frente Amplio,40.5,7.1,25738,40.5,21231,33.4,11656,18.3,1506,2.4,44.0,37.9
Tacuarembó,Norte,79612,72702,91.3,1.7,1.7,Frente Amplio,35.5,3.4,24500,35.5,22134,32.1,17165,24.9,2158,3.1,45.1,33.3
Treinta y Tres,Este,42584,38499,90.4,1.5,2.2,Partido Nacional,42.9,8.7,12478,34.3,15630,42.9,5788,15.9,819,2.2,42.6,34.5
